label,data1,data2,data3,data4,data5,data6,data7,data8,data9,data10,data11,data12,data13,data14,data15,data16,data17,data18,data19,data20,data21,data22,data23,data24,data25,data26,data27,data28,data29,data30,data31,data32,data33,data34,data35,data36,data37,data38,data39,data40,data41,data42,data43,data44,data45,data46,data47,data48,data49,data50,data51,data52,data53,data54,data55,data56,data57,data58,data59,data60,data61,data62,data63,data64,data65,data66,data67,data68,data69,data70,data71,data72,data73,data74,data75,data76,data77,data78,data79,data80,data81,data82,data83,data84,data85,data86,data87,data88,data89,data90,data91,data92,data93,data94,data95,data96,data97,data98,data99,data100
0,369.4544634033779,218.26526252153755,148.40742257124242,200.61467245958363,329.46118737499626,460.1748597078826,563.6176734524787,682.5950560318809,883.4241534265369,1170.8180567263296,1440.3722017560376,1520.1071738896894,1284.7232639205288,763.931140695183,159.0843548973046,-259.0886103503058,-313.4780573769491,-35.872958053618056,349.1493810670514,568.5367266294886,480.1738423843819,165.6484560876791,-129.48823357223995,-169.6374132974232,101.6905068788123,515.9840739581526,792.2979541108605,733.6822290545587,372.718385366236,-36.40754844527695,-178.35587182050563,115.45679633680284,749.7887988795761,1417.246837846464,1784.1670845212457,1688.476286147141,1223.0531367858193,657.9204405260166,261.90686485130686,145.88254457361563,226.1053642767083,318.2723111642913,284.3187482008929,125.59476229619278,-36.65313367235831,-67.79660946287048,72.25929302779033,299.42523244116194,470.55121528886855,488.9202205158431,369.45446340337804,218.26526252153755,148.40742257124236,200.6146724595836,329.46118737499626,460.1748597078827,563.6176734524787,682.595056031881,883.4241534265371,1170.8180567263294,1440.3722017560376,1520.1071738896896,1284.7232639205288,763.931140695183,159.0843548973045,-259.0886103503058,-313.47805737694915,-35.872958053618056,349.1493810670514,568.5367266294886,480.1738423843819,165.6484560876792,-129.48823357223998,-169.63741329742342,101.69050687881213,515.9840739581523,792.2979541108604,733.6822290545585,372.718385366236,-36.407548445276916,-178.3558718205057,115.4567963368027,749.7887988795759,1417.246837846464,1784.167084521245,1688.4762861471413,1223.0531367858196,657.9204405260166,261.9068648513069,145.88254457361577,226.10536427670806,318.2723111642911,284.31874820089297,125.59476229619308,-36.65313367235838,-67.7966094628704,72.25929302779019,299.42523244116194,470.55121528886855,488.92022051584325
0,580.9326798167205,848.6598295177573,694.8830463668063,347.4458473496982,271.251459915387,771.9202223370148,1702.306129374247,2518.350222364455,2661.2744362567873,1980.96511764325,870.2634354261099,-5.129276203357095,-184.10224576943097,267.3521372128624,835.5550132633908,977.34775360002,550.0885805236101,-83.1206333180454,-354.8769195588143,37.018893409517766,864.9503455554217,1525.8307304673106,1499.6870594623285,756.8634511656451,-205.126494394689,-727.7313845039279,-480.75129896204453,299.39535512195147,1001.1348390759968,1105.6245095691584,568.6475963295911,-171.85080894900923,-555.8951451246933,-339.46099577803295,231.39185355846058,637.5619292413766,514.6525164731897,-48.82954147262128,-574.4437165650686,-563.875243439108,114.4507643345392,1118.4727280098684,1879.513132645668,2006.4279614594193,1540.122865250209,879.9605395010616,460.51093762199935,439.3692915328184,629.1145543476383,702.767555437217,489.94303689195596,124.19342383261763,-65.78864879455134,177.6890445305145,832.3620647298693,1601.302101985924,2116.1923993122446,2175.5208339073383,1844.3680491437092,1363.4634524031799,961.2530783508745,719.3371294817828,576.5694493919265,437.10894003204623,274.4444084489088,147.96587395111084,136.20231058561282,259.7087551390715,462.0294675542642,654.5205586495881,773.9607026306572,801.3643247821709,739.015364300971,587.1066483464613,355.9841104197936,101.65049514498155,-66.8650290240471,-43.434033335165445,184.22845196291775,488.122844329088,659.6372392543557,552.6155967361304,204.7765500366648,-169.70419295884926,-329.7187512560218,-191.81995040753282,100.76624653519237,293.99984698449555,242.46267054800984,53.62642180096235,23.461121409774716,394.00632232472867,1118.8414374843105,1836.671158640235,2101.2334700646916,1709.3424191499712,874.3972075599964,96.53990307570152,-187.7918327654402,85.26589019714648
0,254.03354754206674,187.4010663455962,141.7084695912549,119.82679117873406,123.13093743787613,151.41329670741922,202.89678433921668,274.34650346234,361.2730054505975,458.21437849075573,559.0794395892707,657.5304660015769,747.3814176606417,822.986628825041,879.5955460207996,913.6512227874732,923.0138157057947,907.0950386294971,866.8951268674516,804.9399887206004,725.12249337377,632.4578676078154,532.7685706562662,432.31844767817586,337.41914932996843,254.0335475420667,187.40106634559623,141.70846959125498,119.82679117873406,123.13093743787606,151.41329670741922,202.89678433921682,274.3465034623399,361.27300545059757,458.2143784907556,559.0794395892707,657.5304660015769,747.3814176606417,822.986628825041,879.5955460207994,913.6512227874732,923.0138157057947,907.0950386294973,866.8951268674515,804.9399887206004,725.1224933737701,632.4578676078156,532.7685706562662,432.318447678176,337.4191493299684,254.03354754206666,187.4010663455962,141.70846959125484,119.82679117873404,123.13093743787597,151.41329670741925,202.89678433921668,274.34650346234,361.2730054505974,458.21437849075573,559.0794395892707,657.530466001577,747.3814176606417,822.9866288250412,879.5955460207994,913.6512227874734,923.0138157057947,907.0950386294973,866.8951268674515,804.9399887206004,725.1224933737701,632.4578676078154,532.7685706562662,432.31844767817597,337.41914932996826,254.0335475420667,187.4010663455962,141.70846959125498,119.82679117873396,123.13093743787613,151.41329670741928,202.8967843392168,274.34650346233997,361.27300545059757,458.21437849075573,559.0794395892707,657.5304660015769,747.3814176606417,822.9866288250408,879.5955460207994,913.6512227874734,923.0138157057945,907.0950386294973,866.8951268674515,804.9399887206006,725.12249337377,632.4578676078156,532.7685706562662,432.318447678176,337.4191493299685
0,1762.0917822753877,1574.606014657594,891.3336586141944,54.166761669438365,-484.9711712432554,-481.7798388438555,-68.3829949315387,364.66621377429243,486.588021567924,293.5541147094915,106.17688348260141,290.7860322875451,924.4067665889831,1679.9594248006185,2041.5736123909778,1696.1470834463244,796.3088353758941,-121.74351879252379,-516.6818652596854,-232.25250248930007,402.0334137415027,839.8240297507941,747.966874649231,261.01502162914716,-139.93388026899964,-27.8017728966735,609.5858812953136,1338.7874472805925,1610.7848494457744,1195.2770509056238,376.0641024367742,-251.47577378699432,-228.4745320056189,419.67699230588727,1204.887622961554,1549.0651924092429,1218.034785226053,482.9350412650392,-108.28607149840137,-162.2186731465634,266.18941627921936,742.3990472682074,819.673893126568,408.0327753539136,-147.82738829522023,-340.26392091153684,96.82229904025368,968.2097194682079,1750.7361389631808,1971.9897953947138,1541.2805858444178,786.6273143033015,185.8203366674788,12.764810151428737,171.871237666632,331.7866747491421,231.17939305650958,-96.74359221692386,-355.39412486966046,-234.84545603843952,326.9880799135714,1078.7647326418373,1629.9200885356986,1721.3613763186281,1384.7312034810905,882.5805698533268,496.746447387846,339.66628719869243,325.300281177899,296.1470682586309,181.22221731053244,51.84532939650191,42.453552702515665,219.61307011113763,516.9085286408877,785.7647406963239,909.1482692833617,877.3776412893764,768.8027030081897,666.877480157693,596.8752988677443,536.502926567298,477.0387899410966,461.0789438238968,548.0452140516666,735.4986788162454,918.4723972380048,944.3448472562552,733.6960749391828,366.1808976013676,45.37821984824936,-45.57965308608485,114.16057117985264,366.63082383590387,509.0150206146671,473.3025926814606,396.384687028302,506.7999134769918,908.7539925255965,1443.5902246467822
0,1671.753267501651,1321.0043863530193,585.2262983110157,-108.78055106560016,-346.1486893030058,-22.350756907438882,586.7097460734043,1047.473603573067,1114.526390909049,922.7038781041541,863.7611172371263,1238.7683133218961,1966.79398824331,2597.904582343948,2640.6733953407056,1956.6464199118166,905.9159165925931,112.56704382217914,16.884779227347643,556.6961575615128,1228.1984539692646,1483.1277628563887,1153.6087391739213,570.8794341898678,283.75229089251707,600.3354700943788,1319.9744426510583,1874.7470872853926,1775.1066846156154,1009.1435464216775,75.6879431440006,-383.2315397937477,-69.13621885345256,745.0305733732556,1423.7655756210331,1452.2867214362016,819.3702608380711,6.501221829612041,-399.9491876454987,-163.6723190549732,435.81477959804005,849.3415172204483,712.7902388615361,146.04820143416742,-339.660150750649,-249.79237810029775,493.8303655687229,1474.9262673568044,2084.273589316764,1963.7113734394527,1251.672678065959,452.44222477071526,46.18613727382296,149.5674074659929,481.5008180727642,638.6619157951014,444.2362315709968,89.15362251161189,-36.80874517899166,323.5559893927261,1070.8121927684083,1806.3715801343644,2118.1336209078577,1866.6445386988635,1256.7666140575602,658.2265778383548,332.34792115440433,279.0370630848493,303.68657169579836,222.03923897209768,21.75640841546585,-145.5084971198948,-116.21849731158669,130.61142294074722,447.71405222062214,635.2078928058635,591.3792637246493,372.6371818029542,124.45945450731459,-42.868049188187285,-121.88905494394996,-170.42383117171602,-221.35941297304046,-237.36154185700929,-157.85141849312083,10.35879717074262,157.06267468470165,139.35035647720827,-91.51688742036087,-421.5327032480163,-638.9677857559653,-593.2919165714734,-317.4248936333841,-1.9440675242323777,168.08751234157413,179.01933995527747,207.7731771413985,462.2065522563211,967.9373499729618,1488.8228875995555
0,645.79,645.79,645.79,645.79,645.79,645.79,645.79,645.79,645.79,645.79,645.79,645.79,645.79,645.79,645.79,645.79,645.79,645.79,645.79,645.79,645.79,645.79,645.79,645.79,645.79,645.79,645.79,645.79,645.79,645.79,645.79,645.79,645.79,645.79,645.79,645.79,645.79,645.79,645.79,645.79,645.79,645.79,645.79,645.79,645.79,645.79,645.79,645.79,645.79,645.79,645.79,645.79,645.79,645.79,645.79,645.79,645.79,645.79,645.79,645.79,645.79,645.79,645.79,645.79,645.79,645.79,645.79,645.79,645.79,645.79,645.79,645.79,645.79,645.79,645.79,645.79,645.79,645.79,645.79,645.79,645.79,645.79,645.79,645.79,645.79,645.79,645.79,645.79,645.79,645.79,645.79,645.79,645.79,645.79,645.79,645.79,645.79,645.79,645.79,645.79
1,1214.6121270831566,1177.6950414295297,765.2616496659352,275.01386740261887,94.81443318298464,394.7501014951742,971.2981895986054,1383.3890103049705,1291.1976918132752,736.367495431845,132.59554253220588,-43.726736282983694,369.23608416216825,1073.398171979273,1525.776397738182,1358.913006328086,679.833050021131,3.9574073993177445,-137.60495314644845,383.00965972944374,1176.9156241671851,1629.8454469309936,1379.381183464369,605.7725087339606,-97.63811501288961,-181.3562820527999,429.3026787528025,1268.5335119545227,1686.7699026528453,1355.5174275164297,526.3453716166086,-160.9054943318794,-173.89884786088126,498.16245934413746,1335.5732437735935,1691.6686124374373,1294.2490161006517,454.48875421737375,-177.6619420347373,-118.58825843759624,577.511520560131,1367.2942547121431,1644.0724301565933,1205.7648019890357,402.56960106511775,-143.65977913682843,-22.8477267486617,654.4139781560889,1356.0112613215035,1547.969975712304,1102.4517551645827,381.09001651392356,-59.04334951043362,102.5902485045674,716.4233116890088,1297.9187833530348,1411.4277741495473,997.6236862404235,397.5737706003984,71.61489552699204,244.7559144507796,752.8782886326225,1193.5410833385372,1245.8217908773247,904.1675192321578,455.74432447022565,239.703465470189,389.7227314638647,756.0189680664283,1047.7622596342967,1064.7552522486112,833.2404220153877,555.0761842880001,433.34888983590906,523.9707634931344,721.8123998050607,869.4322633037444,882.7681878899757,793.1459814399685,690.764827611577,638.5057435351824,635.6995305837269,650.4061513154876,670.5860782421888,713.9643652675695,788.4999305795769,854.1194315497097,840.2540782819208,715.9619791781396,546.1643414672568,465.35114864155724,570.689229796537,819.7674309802243,1033.341183090984,1024.178479571142,759.5089027210323,417.2818578022805,268.6486540915419,462.38734010862663,883.217375807451
1,1695.2043302174982,1124.5449895249035,375.4442455172281,-146.15647867342108,-189.34892407238047,177.6787123918845,631.0643701614151,834.2267231497951,683.0343907645686,375.25080138120774,254.7486074358676,545.2002016151642,1168.7397062416171,1783.782430684708,2017.1955955020255,1724.642410614913,1091.7477955559855,503.2168353801851,274.29185952624607,437.81817963082324,739.1281853534314,839.8269745773327,580.0196067711353,106.46029827952785,-228.01769041761372,-121.68433021749807,448.9750104750965,1198.075754482772,1719.6764786734211,1762.8689240723804,1395.8412876081156,942.4556298385849,739.2932768502048,890.4856092354316,1198.2691986187924,1318.7713925641326,1028.3197983848358,404.7802937583829,-210.2624306847075,-443.6755955020254,-151.12241061491267,481.7722044440148,1070.3031646198149,1299.2281404737541,1135.7018203691769,834.3918146465684,733.6930254226672,993.5003932288647,1467.059701720472,1801.5376904176142,1695.2043302174982,1124.5449895249035,375.4442455172281,-146.15647867342113,-189.3489240723804,177.67871239188415,631.0643701614151,834.2267231497951,683.0343907645686,375.25080138120785,254.74860743586746,545.2002016151642,1168.7397062416171,1783.782430684708,2017.1955955020255,1724.6424106149125,1091.7477955559855,503.21683538018516,274.29185952624596,437.8181796308233,739.1281853534314,839.8269745773326,580.0196067711352,106.46029827952769,-228.01769041761386,-121.68433021749831,448.9750104750965,1198.075754482772,1719.6764786734211,1762.8689240723809,1395.8412876081156,942.4556298385849,739.2932768502048,890.4856092354315,1198.269198618792,1318.7713925641324,1028.3197983848358,404.780293758383,-210.26243068470765,-443.6755955020254,-151.12241061491252,481.7722044440147,1070.3031646198149,1299.228140473754,1135.7018203691766,834.3918146465688,733.6930254226675,993.5003932288647,1467.059701720472,1801.5376904176137
1,1909.1485784920244,1372.581636017217,547.9095525578924,-105.33875712826587,-251.66021283158145,96.54164967351797,604.5953413535715,869.7899683734103,718.2184437431605,328.30243124089947,91.78759254502351,314.36008545169824,975.1328757789113,1722.0575394132059,2109.3603436007475,1907.3326902533981,1261.721632996225,588.1469627130606,278.09365818173393,428.64337375794895,790.0181688898684,966.4552528808813,721.9745027496676,166.67331963995466,-313.6743257703175,-334.98857849202454,201.57836398278283,1026.2504474421078,1679.4987571282657,1825.8202128315813,1477.6183503264817,969.5646586464287,704.3700316265896,855.9415562568396,1245.8575687591006,1482.3724074549764,1259.7999145483018,599.0271242210887,-147.8975394132056,-535.2003436007475,-333.1726902533982,312.43836700377506,986.0130372869394,1296.0663418182662,1145.516626242051,784.1418311101318,607.7047471191188,852.1854972503326,1407.4866803600453,1887.8343257703175,1909.1485784920244,1372.581636017217,547.9095525578922,-105.33875712826601,-251.6602128315814,96.54164967351794,604.5953413535714,869.7899683734104,718.2184437431607,328.30243124089964,91.78759254502351,314.3600854516981,975.1328757789113,1722.0575394132059,2109.3603436007475,1907.3326902533984,1261.721632996225,588.1469627130608,278.09365818173416,428.6433737579492,790.0181688898683,966.4552528808812,721.9745027496673,166.67331963995457,-313.67432577031747,-334.9885784920244,201.57836398278297,1026.2504474421078,1679.4987571282659,1825.8202128315816,1477.6183503264817,969.5646586464285,704.3700316265896,855.9415562568396,1245.8575687591003,1482.3724074549764,1259.799914548302,599.0271242210888,-147.89753941320566,-535.2003436007473,-333.1726902533982,312.438367003775,986.0130372869394,1296.0663418182662,1145.516626242051,784.1418311101319,607.7047471191189,852.1854972503324,1407.4866803600453,1887.8343257703173
1,1144.6568698330814,620.3385105543098,140.34961462330975,-75.97894178401832,-27.95892321038591,105.26180770040992,134.75875971005837,30.151679744076393,-43.92806769827046,145.91366834513707,704.8366561529682,1490.1916460016207,2165.184855828064,2397.7237046850196,2070.365796366157,1356.1441524939326,607.5469680341421,136.1068380331699,34.740722596691704,161.09889489109082,282.9651734170315,271.2952440064701,196.00901991944488,255.29349085329048,594.8678833370398,1157.1125520230771,1679.828442627588,1854.9715542883555,1538.6257850915124,861.8794111585239,159.41879560982633,-239.0092279516485,-211.75578830097695,95.68400722516202,392.1858494794341,452.2750665051953,265.465558607578,20.47895223507432,-56.97006043359652,112.19376334873138,394.0725049870926,543.1338273892479,396.16229793015856,13.22773902054658,-343.51060597224495,-384.8435787226149,-1.6497289793664458,644.2409756993244,1213.4816204436627,1404.864262256517,1144.6568698330814,620.3385105543098,140.34961462330944,-75.97894178401828,-27.958923210385837,105.26180770040999,134.7587597100585,30.15167974407654,-43.92806769827046,145.91366834513698,704.8366561529683,1490.1916460016207,2165.184855828064,2397.7237046850196,2070.365796366157,1356.1441524939326,607.5469680341422,136.10683803316982,34.74072259669163,161.09889489109082,282.96517341703156,271.29524400647,196.009019919445,255.29349085329062,594.8678833370398,1157.1125520230771,1679.8284426275877,1854.9715542883555,1538.625785091513,861.879411158524,159.41879560982633,-239.00922795164843,-211.75578830097726,95.6840072251618,392.1858494794339,452.2750665051953,265.46555860757826,20.47895223507425,-56.97006043359652,112.19376334873138,394.0725049870926,543.133827389248,396.16229793015873,13.227739020546169,-343.51060597224495,-384.8435787226149,-1.649728979366264,644.2409756993243,1213.4816204436627,1404.864262256517
1,1778.0464030160606,1171.5121749560756,358.72998529958977,-191.5646425948068,-194.19930162753764,261.6353367024443,789.8572107274049,995.2604517455447,761.8082155201181,332.1546795170663,121.3798649068232,401.45502121821715,1087.2910265261064,1781.8670711574862,2050.0422188266793,1724.4735798982856,1023.1557398684438,393.8825368615753,198.06316973334543,461.9753495388133,873.962648677846,1027.325754421556,730.4019767814239,156.84895669078446,-274.43288814326195,-203.48640301606065,403.04782504392415,1215.8300147004102,1766.1246425948068,1768.759301627538,1312.9246632975555,784.7027892725949,579.2995482544554,812.751784479882,1242.4053204829338,1453.180135093177,1173.1049787817826,487.2689734738937,-207.30707115748578,-475.4822188266792,-149.91357989828563,551.4042601315563,1180.6774631384246,1376.4968302666546,1112.5846504611866,700.5973513221538,547.2342455784441,844.158023218576,1417.7110433092155,1848.9928881432622,1778.0464030160606,1171.5121749560756,358.72998529958977,-191.5646425948071,-194.19930162753784,261.63533670244425,789.8572107274049,995.2604517455447,761.808215520118,332.15467951706654,121.37986490682317,401.4550212182172,1087.2910265261064,1781.8670711574857,2050.0422188266793,1724.4735798982856,1023.1557398684439,393.8825368615752,198.06316973334543,461.9753495388133,873.962648677846,1027.325754421556,730.4019767814241,156.8489566907843,-274.43288814326206,-203.48640301606073,403.0478250439244,1215.8300147004104,1766.1246425948068,1768.759301627538,1312.9246632975558,784.7027892725949,579.2995482544554,812.7517844798817,1242.4053204829336,1453.180135093177,1173.1049787817828,487.26897347389365,-207.30707115748578,-475.4822188266796,-149.91357989828555,551.404260131556,1180.6774631384246,1376.4968302666548,1112.5846504611868,700.597351322154,547.2342455784443,844.158023218576,1417.7110433092155,1848.9928881432618
1,1286.700500791062,424.42279847774773,-172.00083575727797,-198.22057911430923,258.5855018927816,797.8430643445354,1005.7946399029921,758.7267786952763,308.8773728187545,91.26151347745356,392.93795535907105,1126.6945159631673,1875.814485952303,2180.056451959971,1857.744368516821,1132.0405113770953,470.60244189708493,254.68870000021357,516.5062300799061,933.3219119738663,1080.1551195714974,755.1897673591619,139.51182850046504,-326.5422699470012,-261.8364449582826,373.1194992089381,1235.3972015222523,1831.820835757278,1858.040579114309,1401.2344981072183,861.9769356554648,654.025360097008,901.0932213047237,1350.9426271812456,1568.5584865225467,1266.8820446409288,533.1254840368327,-215.9944859523028,-520.2364519599709,-197.92436851682083,527.7794886229049,1189.2175581029148,1405.1312999997865,1143.313769920094,726.4980880261335,579.6648804285027,904.6302326408378,1520.3081714995349,1986.3622699470013,1921.6564449582825,1286.700500791062,424.42279847774773,-172.00083575727808,-198.22057911430895,258.58550189278156,797.8430643445353,1005.7946399029921,758.7267786952763,308.8773728187548,91.26151347745348,392.937955359071,1126.6945159631673,1875.814485952303,2180.0564519599716,1857.744368516821,1132.040511377095,470.60244189708493,254.68870000021352,516.5062300799062,933.3219119738666,1080.1551195714976,755.1897673591619,139.51182850046501,-326.5422699470012,-261.83644495828264,373.11949920893795,1235.3972015222523,1831.820835757278,1858.040579114309,1401.2344981072185,861.9769356554647,654.0253600970079,901.0932213047236,1350.9426271812451,1568.5584865225467,1266.8820446409288,533.125484036833,-215.99448595230294,-520.2364519599711,-197.92436851682055,527.7794886229049,1189.2175581029148,1405.1312999997865,1143.3137699200936,726.4980880261335,579.6648804285028,904.6302326408379,1520.308171499535,1986.3622699470009,1921.6564449582825
2,1595.3425457386365,1639.22684685934,1364.9691903180426,798.2240491576758,156.5250793467932,-275.5501051955707,-329.8089599772205,-69.51913148574637,250.26643706614712,357.60606568381337,156.08088212568532,-201.7922548850264,-418.22475836814675,-264.8644146164666,240.2620471270624,822.5413310896224,1123.4678759943972,943.2161963217231,385.7664528836671,-198.8092672298098,-441.89344668994767,-201.06259289494776,346.6629079862022,830.113103725803,944.0087793225772,664.5316709234629,269.17898273659574,143.73892711211533,507.4997502664455,1246.9657891509603,1975.9056571176018,2284.331251613086,2008.0538502282382,1334.8898461091887,674.923329617868,383.94399552729703,529.5586208904724,859.187353160323,989.39182755067,683.6265383808521,25.7381906968695,-630.0706054244743,-897.2566110543959,-618.5457375781801,27.699093498231232,646.8391134818895,888.659621352696,670.672715848815,214.95414248979586,-119.92058286819774,-90.57918665596502,269.9360550729861,687.8953809554234,849.7830889904038,624.8303313484608,155.97968991907305,-238.48233915476143,-279.19082590244506,93.26927488020065,690.4471823518979,1211.627952095546,1442.426303941186,1379.4484055901976,1203.1141427502382,1129.2236254859777,1250.3121505387467,1476.643025834561,1609.99848890719,1489.4012258620528,1102.940939027316,591.6643197379163,152.04524460343808,-87.28639864099787,-128.706579315586,-73.70494279765327,-31.375030006134338,-40.42188466892194,-58.683498385581515,-17.586888414524694,109.59880015378577,281.5847581588958,421.88004751889576,478.57610715995327,459.49444194446335,414.9434223464206,386.2671702514717,367.7273300533676,317.5089996176261,210.27844431555863,84.80778900610778,39.32832767476182,167.87970359551633,481.9619258254832,881.2980588324602,1206.089234704262,1341.310013470142,1298.2777269388139,1207.8707748059808,1221.5593330999873,1387.5367463432738
2,1190.9301930454371,1356.773755066953,1349.5974747776554,1018.0131717975768,432.8821408286325,-147.7636108641835,-450.50850439604676,-372.34511854431827,-47.20289480189822,254.17297426437565,318.24583971702333,136.49770350685998,-98.94705599112618,-147.04366201408797,95.00799094734931,506.7041883701334,824.4760641617385,830.0236860260661,510.49199217009664,73.94649498246756,-192.11183193237062,-118.12878054334273,235.54833154969708,631.5096921321787,833.0362335192272,776.7901159792542,614.783069974701,595.4738775328707,871.1889801093689,1373.0462772797543,1845.9637753143525,2020.342222421308,1797.721642738728,1317.14894586904,854.8755263783304,630.1379091421513,657.1457211398467,749.2563371263013,670.5026638307446,322.57833012893025,-170.2623569588169,-541.5759473396034,-571.1657667851821,-245.32504666715715,227.65720022518232,558.9892102638228,576.8044226513158,338.1981557278855,76.5037796502468,23.683887239376563,237.80831105027897,561.2724029118006,739.8976844539354,615.7138623388396,252.23496583580638,-100.35913515666121,-176.73170517326685,118.10532459184931,642.5467407891077,1118.7870775998165,1327.0950251392585,1253.8429856679875,1087.3118092440886,1066.1049745936511,1292.0700036694807,1645.2730586195396,1864.2174220847244,1734.1041756628263,1246.88411145259,616.5631859622536,137.50696394920126,-13.184789933108915,112.09982370217294,284.0419107617383,273.8583980084173,25.711379925029906,-301.589227953454,-453.7290367644612,-273.6760142457851,173.07661605580697,633.3989707064924,838.1379871480058,687.7581512137408,318.74720814375064,3.4044217574775395,-44.238773998433174,183.7535896853057,493.6189096207358,641.6760235896925,521.58367525424,249.5251099691438,84.12246109314074,238.2779050962895,719.1889430444702,1313.0731188300967,1726.8556577193465,1785.7491478251359,1545.3936890202444,1239.1846174558364,1100.6614812329788
2,1511.994053828821,1516.2553564690681,1204.3160425798328,636.6310481131864,48.083170592393074,-294.12765892703743,-266.8963858816226,22.44623109827131,306.8243530534024,344.6749355304705,92.68184615533013,-258.2642820557639,-415.6099476260099,-198.30295457734385,319.12388766602015,838.4439433317082,1031.5033925067034,766.0199107771558,205.74244438933573,-289.8279943164565,-402.6095800877309,-68.84174837305378,480.34349560226184,881.4496146039671,893.7187236863299,569.7778853759881,221.11948175160362,199.41255293491642,643.7619271027024,1370.0502762083302,1981.9787932955235,2130.4233021239406,1744.3505746980402,1075.0507226674897,523.5597791608261,370.2667986821888,592.4648387415696,893.8870071733193,923.2225238410873,528.4289102428869,-129.69748400923288,-682.4548953000568,-802.9508463736888,-427.89745088418755,200.0127454066908,695.5846681334745,785.7846318672614,481.2014548492378,50.997502071060666,-174.80358204898548,-34.793396206065516,360.49479181614106,717.480239509606,772.5273667670208,478.0889104404834,34.86902440353813,-246.85390399567936,-156.03007052936647,284.6107220576043,845.4384551772865,1251.213169040167,1359.8942994506808,1237.2380434585396,1084.482585945531,1080.0385301831693,1251.1069192952605,1462.267128399245,1520.6348641234229,1315.9983729821085,895.8496984022609,428.1661353729479,86.84181372157323,-54.336938054746135,-47.2517683699097,-6.558127774834502,-14.258542998743806,-65.14963003681304,-88.48883502435503,-20.200341982909396,136.497642758793,309.9998412279757,416.04698775336124,421.9532647330548,366.23420222150344,319.0468301314169,318.55818612231417,338.625143863513,317.2048969941514,223.317844790726,105.12867190792356,72.86662138226427,221.40437439410903,549.0160714731098,938.8766335127433,1226.6855505075048,1311.5787765813086,1228.9353027842194,1125.5119876032466,1147.5246516948823,1320.36298613749
2,1222.6685888605823,1372.1379282280775,1306.5438589024911,932.6581595210548,366.6949553463416,-135.0815654810681,-347.95924107876755,-229.88767935315266,56.0917581583382,263.50165915291683,239.73374795472665,30.87609257858145,-160.91579432540436,-135.1156404947839,150.4636708752146,539.2667261545593,782.6198907931616,717.0269488506649,383.93725137468937,4.859170289105714,-171.0135408753316,-37.520340442559245,301.57128715857095,616.33589766511,722.9147149209317,618.2601428573147,479.21947698550844,526.8027214983688,854.8761402068185,1348.8485307304998,1755.006015392909,1852.02378433795,1601.95584042629,1172.5195828401313,815.2744532527465,688.13671501214,750.3642079677651,804.995866074641,656.3643865556779,266.63401355526514,-203.95023601456472,-503.8175880245715,-467.4697832720355,-135.32014923967466,271.1562443647914,501.79504513040064,448.49559535373805,212.18447586665994,19.146080191711153,48.92697263890216,299.74413857959854,589.5723997461711,692.060026208405,508.02441873435856,146.95416843242242,-142.14497159563646,-142.09504171096742,181.611283602334,658.6479287890407,1035.7691847143092,1154.354666345519,1055.4495017872684,937.314081886445,997.8653618410207,1278.0593824879077,1621.5315068057384,1781.2139710731362,1596.5746356238058,1113.2801293450464,558.1599043960687,186.64409501849875,111.82399717902379,237.31172889314433,340.74887040035514,245.76302648958224,-43.552870297495396,-343.80980495975695,-428.2866066092647,-198.43871846223166,234.6223454907362,619.3405216837951,735.1504984517849,543.4405553245285,209.86073021248936,-17.4252971199726,14.89487068761464,260.4301976663847,515.7258463643183,578.0058920980856,401.96293308161256,140.27200305426726,37.10372615827364,250.988198797565,735.2227685199389,1262.9446809500341,1579.6944007264326,1574.3207479097978,1346.0525080816246,1120.8891517428235,1079.5152859505838
2,1068.555253982439,527.454626440713,187.01659239855374,165.00642690321015,321.02571962290034,410.8117963597989,315.2911801921003,134.04630498430942,65.40290438204757,196.41848161369361,407.98059513427114,487.75523500470734,343.55678829384533,110.54222890312842,41.8737427074476,275.71407266865174,692.086541927523,996.9054546157021,965.2569329611625,629.9997559064541,249.66780632480797,87.97710009762368,204.28136083266276,437.9730582651592,587.6478209019087,607.8491785599273,636.6755773242543,832.862418627655,1184.6358137245306,1481.680464698881,1488.0216217263724,1160.891152269904,710.0199598035682,433.24710384813125,468.9968827640526,685.0570795026431,802.1593255257818,640.0964918042876,266.3018133389973,-80.30229131793182,-210.94271975526598,-145.6630643935042,-66.20263021524923,-116.96071590468125,-250.7577769743138,-271.64687409504955,-37.513523978861926,371.0124723153362,683.7372742253438,659.114908764701,295.86377396885274,-154.2916771865387,-388.7143824475125,-294.1100147047133,-15.684752602649114,197.3271289529296,220.89534864201735,149.8382637648808,178.08118105521518,388.80267511053637,659.6720498684565,775.9132806915441,643.7628352289347,397.7208908196177,291.2381346448462,463.7015712921979,797.2516309150161,1000.73779621534,852.8954548331956,390.8172260898419,-122.29504188043848,-417.78929974533514,-431.2835001860507,-318.4438280254318,-275.99669154580863,-345.1512648017054,-384.14470607459737,-231.29190083376807,103.76163828426706,411.9299124269401,457.522331347676,197.0970394843354,-161.225627116365,-322.0999353701836,-150.3924440581574,217.70960611501178,498.4161532267793,506.608476728823,304.5888281217597,126.10746469569858,154.90377281905575,366.21357197797414,574.0536656646864,630.4042346920079,579.5722728141417,615.4782619093673,879.1245076585633,1289.7191595203606,1577.8587096472352,1503.708493736817
2,881.7533981882455,970.017690131471,872.2416319792819,526.906200885579,55.1731995620162,-315.25872360688004,-405.80056794420227,-210.35098358330706,102.43253674277585,309.5338568392728,289.8098424497094,103.70821233155388,-60.05070854392594,-30.726032241507347,212.6986961510939,520.9490272261806,680.711870242077,570.8726510136534,255.11776476546495,-57.06231286587468,-153.8748773451651,33.44657656183193,387.4935608040045,693.8286187430867,796.9853364625736,709.9001741292018,597.6709285859876,648.1894625240512,924.6489201446666,1308.327464434073,1574.6458200470784,1548.7032613424944,1228.5249565038764,787.1869753697608,452.2595599989245,349.4141477996914,422.5451030575854,486.93414327895954,375.3606080908839,69.7217494116605,-278.5040167692147,-454.58744999198404,-336.8358110269305,10.784203487542326,377.65327985986346,550.0413285096361,456.5045449982827,211.12904867249375,24.502554533728652,47.85074094604508,263.7556484457503,502.55597649517733,571.8760187043439,404.27728956732193,114.6251805196284,-75.83196643816851,5.119153198463518,357.50466555083887,807.1075443975799,1126.0647595580372,1189.2706259281642,1054.2350298954368,907.8692567150522,920.2980333939087,1113.1363605117813,1338.901837145607,1387.2034396445083,1140.8751638368483,668.4385978221139,184.9347438551446,-91.7744633399649,-86.54959027462465,89.65173715927652,228.69233337954583,181.0322741794868,-35.049220763197575,-249.8845952126359,-271.9471132076768,-35.47241059756765,342.23415548428244,636.8048699979698,672.3381534032444,444.68136152859194,123.63294348988337,-67.49817639623456,-8.13461617756504,239.8716547154238,485.6073085499142,555.427390756715,424.8031939254646,239.01315239742675,207.032140105399,445.44799617642917,886.0194339248789,1314.8342891508667,1515.9680121754943,1416.9584687145102,1132.0856533642252,873.3364933436388,794.4916484118946
3,974.0674565587826,1377.2398194135517,1665.6718294852835,1768.0092609591907,1658.93520052569,1365.4331134970143,960.111494990426,543.2414982920747,217.9511911654059,64.71304968651704,121.43614278227237,374.0879350462816,760.165748522538,1184.1590901904735,1541.177671909681,1742.8998663624004,1739.422297667244,1531.6052698587703,1170.8599391630726,746.4298808050016,363.31342079953043,116.28845288249715,66.46565384133359,226.1705185218576,555.8941970731103,974.0674565587827,1377.2398194135512,1665.6718294852835,1768.0092609591904,1658.93520052569,1365.4331134970141,960.111494990426,543.2414982920747,217.9511911654057,64.71304968651711,121.43614278227244,374.0879350462816,760.165748522538,1184.1590901904733,1541.177671909681,1742.8998663624006,1739.422297667244,1531.6052698587703,1170.8599391630726,746.4298808050016,363.31342079953043,116.28845288249708,66.4656538413337,226.17051852185782,555.8941970731104,974.0674565587824,1377.2398194135512,1665.6718294852838,1768.0092609591907,1658.93520052569,1365.4331134970137,960.111494990426,543.2414982920748,217.9511911654059,64.7130496865172,121.43614278227237,374.0879350462818,760.1657485225379,1184.1590901904733,1541.177671909681,1742.8998663624009,1739.422297667244,1531.60526985877,1170.8599391630726,746.4298808050016,363.3134207995305,116.28845288249715,66.46565384133355,226.17051852185773,555.8941970731101,974.0674565587826,1377.2398194135512,1665.6718294852835,1768.0092609591907,1658.9352005256899,1365.4331134970143,960.1114949904257,543.2414982920749,217.95119116540576,64.71304968651708,121.43614278227214,374.0879350462814,760.165748522538,1184.1590901904733,1541.1776719096813,1742.8998663624006,1739.422297667244,1531.6052698587703,1170.8599391630726,746.4298808050016,363.3134207995305,116.28845288249715,66.46565384133362,226.17051852185753,555.8941970731103
3,1076.496736555981,1441.7596787211614,1678.8022048999028,1728.98316102453,1579.8884489717861,1268.402108585087,871.5816989912693,487.5952879683585,211.43598351128603,111.42190803019723,212.29520760229119,489.10117558956335,873.3617136639784,1270.0158984604248,1580.9367839949678,1729.2066971166685,1678.145642218265,1440.3854421014491,1074.7447937779896,671.6783086519721,330.89925013997214,136.7118044797414,137.1553513663113,332.1201632257697,673.3745503510768,1076.496736555981,1441.7596787211614,1678.8022048999032,1728.98316102453,1579.8884489717861,1268.4021085850873,871.5816989912693,487.5952879683585,211.43598351128597,111.42190803019734,212.29520760229127,489.1011755895633,873.3617136639784,1270.0158984604248,1580.9367839949678,1729.2066971166685,1678.145642218265,1440.3854421014491,1074.7447937779896,671.6783086519721,330.89925013997214,136.7118044797414,137.15535136631115,332.1201632257698,673.3745503510769,1076.496736555981,1441.7596787211614,1678.8022048999026,1728.9831610245299,1579.8884489717861,1268.402108585087,871.5816989912693,487.5952879683585,211.43598351128588,111.42190803019737,212.29520760229119,489.1011755895636,873.3617136639784,1270.0158984604248,1580.9367839949678,1729.2066971166685,1678.145642218265,1440.3854421014494,1074.7447937779896,671.6783086519719,330.8992501399723,136.71180447974135,137.15535136631152,332.1201632257698,673.3745503510768,1076.496736555981,1441.7596787211614,1678.8022048999032,1728.9831610245305,1579.8884489717861,1268.402108585087,871.5816989912689,487.59528796835855,211.435983511286,111.42190803019719,212.29520760229113,489.10117558956307,873.3617136639782,1270.0158984604248,1580.936783994968,1729.2066971166685,1678.145642218265,1440.3854421014491,1074.7447937779893,671.6783086519721,330.8992501399722,136.71180447974135,137.15535136631124,332.1201632257695,673.3745503510768
3,1283.3837869549666,1573.7612715715304,1687.348527137778,1596.0455841623195,1322.4395709219552,934.2169596920111,527.4188378026324,202.68162575065537,40.340971280097726,80.55778342159043,313.38296015146614,681.2186633115399,1093.067254257273,1447.042893921996,1655.5767381982562,1667.08030004256,1478.7077519432225,1137.0599456262514,726.6559839298012,349.0243239446421,97.58599315899606,34.54347537107511,175.49264722804247,485.5645667057856,888.0515835135565,1283.3837869549666,1573.7612715715304,1687.3485271377783,1596.0455841623198,1322.439570921955,934.2169596920111,527.4188378026323,202.6816257506553,40.340971280097875,80.55778342159047,313.38296015146614,681.2186633115397,1093.0672542572727,1447.042893921996,1655.5767381982562,1667.08030004256,1478.7077519432223,1137.0599456262514,726.6559839298012,349.02432394464205,97.58599315899629,34.54347537107518,175.49264722804247,485.5645667057854,888.0515835135567,1283.3837869549666,1573.7612715715304,1687.3485271377783,1596.0455841623195,1322.439570921955,934.2169596920112,527.4188378026325,202.68162575065537,40.34097128009802,80.55778342159043,313.38296015146614,681.21866331154,1093.0672542572727,1447.042893921996,1655.5767381982562,1667.08030004256,1478.7077519432223,1137.0599456262514,726.6559839298012,349.0243239446419,97.5859931589962,34.54347537107504,175.49264722804247,485.5645667057857,888.0515835135566,1283.3837869549666,1573.7612715715304,1687.348527137778,1596.0455841623195,1322.4395709219552,934.2169596920111,527.4188378026323,202.68162575065537,40.34097128009791,80.55778342159036,313.38296015146614,681.2186633115397,1093.067254257273,1447.0428939219962,1655.5767381982562,1667.08030004256,1478.7077519432225,1137.0599456262514,726.6559839298012,349.0243239446421,97.58599315899613,34.543475371075075,175.49264722804247,485.5645667057856,888.0515835135565
3,1057.3252693704485,1483.875435884961,1775.9993052386271,1861.4293349538718,1719.0312770318349,1384.0325085518823,939.3072492230194,494.8745866347271,160.68122385198834,19.40213397460786,105.98787633721484,399.0182950724142,826.0015794972188,1281.3077695790698,1652.3001968223593,1847.2002912184719,1817.7923732961685,1571.3515690570634,1168.8440409991472,709.8447740280625,307.90405452198223,62.45664652343716,34.22295957236369,230.18763061592318,601.8716181431356,1057.3252693704485,1483.875435884961,1775.9993052386271,1861.4293349538714,1719.0312770318349,1384.0325085518828,939.3072492230194,494.87458663472717,160.68122385198825,19.402133974607786,105.98787633721483,399.0182950724141,826.0015794972185,1281.3077695790696,1652.3001968223593,1847.2002912184719,1817.7923732961685,1571.3515690570634,1168.8440409991472,709.8447740280625,307.9040545219822,62.45664652343723,34.22295957236376,230.1876306159234,601.8716181431357,1057.3252693704487,1483.8754358849608,1775.999305238627,1861.4293349538714,1719.031277031835,1384.0325085518823,939.3072492230194,494.8745866347274,160.68122385198848,19.40213397460786,105.98787633721484,399.0182950724142,826.0015794972187,1281.3077695790696,1652.3001968223593,1847.2002912184719,1817.7923732961685,1571.3515690570634,1168.844040999147,709.8447740280624,307.90405452198235,62.45664652343723,34.222959572364054,230.18763061592355,601.8716181431357,1057.3252693704485,1483.8754358849608,1775.999305238627,1861.4293349538714,1719.0312770318349,1384.0325085518823,939.3072492230192,494.8745866347271,160.6812238519881,19.40213397460786,105.9878763372147,399.0182950724142,826.0015794972185,1281.3077695790696,1652.3001968223593,1847.200291218472,1817.7923732961685,1571.3515690570634,1168.844040999147,709.8447740280625,307.90405452198235,62.45664652343716,34.222959572363905,230.18763061592327,601.8716181431356
3,1871.6096530023788,2033.3224090143435,1936.8297113927078,1606.0025643781591,1122.6831842623901,606.4383284967233,184.9800773210233,-37.428428643051305,-5.766296417138947,272.13368549493373,727.5227743362574,1247.7437935656658,1704.1010132242577,1983.697754140987,2017.3655180500416,1796.7753499646008,1376.4983103650059,860.5053239100768,376.4461617371983,44.070593495068316,-54.39610579996028,105.40540973396183,483.94238011600896,987.5698161607947,1491.6970186975666,1871.6096530023788,2033.3224090143435,1936.829711392708,1606.0025643781591,1122.68318426239,606.4383284967234,184.9800773210233,-37.428428643051156,-5.766296417138874,272.1336854949336,727.5227743362574,1247.7437935656658,1704.1010132242577,1983.697754140987,2017.3655180500416,1796.7753499646008,1376.4983103650054,860.5053239100769,376.4461617371983,44.070593495068316,-54.39610579996035,105.40540973396165,483.94238011600885,987.5698161607949,1491.6970186975668,1871.6096530023785,2033.3224090143433,1936.8297113927076,1606.0025643781591,1122.6831842623901,606.4383284967234,184.98007732102343,-37.428428643051305,-5.766296417138947,272.13368549493373,727.5227743362574,1247.743793565666,1704.1010132242577,1983.697754140987,2017.3655180500414,1796.7753499646008,1376.4983103650059,860.5053239100768,376.4461617371982,44.070593495068024,-54.3961057999602,105.40540973396216,483.9423801160092,987.5698161607951,1491.6970186975668,1871.6096530023788,2033.3224090143433,1936.8297113927078,1606.0025643781594,1122.6831842623901,606.4383284967233,184.98007732102303,-37.428428643051376,-5.766296417138947,272.1336854949337,727.5227743362576,1247.7437935656656,1704.1010132242577,1983.697754140987,2017.3655180500416,1796.7753499646008,1376.4983103650054,860.5053239100768,376.44616173719805,44.07059349506813,-54.39610579996028,105.405409733962,483.9423801160091,987.5698161607946,1491.6970186975666
3,862.3404869331778,1107.7470687082498,1267.126971204269,1277.668152129342,1114.407336372363,797.1975524707944,386.52423948444437,-30.82080783592159,-362.68615537417634,-533.9647473323508,-504.9266934033309,-280.95431353252906,88.72556394239247,523.0006988486252,928.5731665954319,1222.539245462702,1352.2812414405475,1307.772152325469,1123.2743933934723,868.0400390021741,628.3423958960602,485.3136864065343,494.1005321753285,669.5212944559129,981.7982555635369,1363.4417672835236,1725.6004113199233,1979.8446133890259,2060.001716092665,1938.642265584225,1634.1349136476213,1206.5151093576,743.1749853679081,337.89537431618857,68.38406888551508,-22.149097769040747,65.14942450763199,285.89454692088685,564.2501172462971,812.4417392009515,953.1409859879844,939.1597175340002,765.5623999301688,471.1844633026948,129.1705420840092,-171.13184756322968,-346.44352994734874,-340.47424301738766,-138.3058120933371,229.33649564350458,693.0016869721352,1160.9326847051661,1540.9528761971571,1762.4339269199438,1792.9399117123207,1645.4595736012807,1374.4656014121388,1061.8015796118148,795.9105647994356,649.5624391451389,661.6039187583237,827.2547958122332,1099.3543102822484,1400.2470550029798,1641.3602430528179,1745.6162046848783,1667.1178213709093,1403.2151101605289,995.9426147695407,522.4443156573226,76.72562862397878,-252.78282580769383,-404.32828806328655,-357.4125449450755,-137.26095976875555,191.90040662178973,543.0793420934923,828.2352340123999,980.1003629566205,968.704982500459,808.5222124244536,554.4747315389827,287.80578640798535,95.32903510907079,47.21362292727317,178.8263231240335,481.1510577720718,902.1853273037542,1358.9976366053077,1757.4916704472987,2015.0144641595957,2080.2393452774572,1945.4248625558291,1648.0325448603182,1261.3138125754879,876.1998720832685,578.9743905461895,430.2464871294297,450.41456160417425,615.2008001512767
4,1472.8458718868558,1516.6830720848159,1504.9568863612635,1438.4041140911029,1321.206510720044,1160.7280326905245,967.0521329756968,752.3481806447769,530.1068146486178,314.2922773593283,118.46498986514155,-45.07049915829848,-166.03865349419152,-236.83859911586245,-253.021715055916,-213.57115662250143,-120.96574749099469,18.97577390400038,197.4603671043223,403.2731886987787,623.4822621799796,844.2510415887804,1051.707812584151,1232.8173032718194,1376.199738277765,1472.8458718868555,1516.6830720848159,1504.9568863612635,1438.4041140911029,1321.2065107200438,1160.7280326905247,967.0521329756966,752.3481806447769,530.1068146486178,314.29227735932824,118.4649898651414,-45.07049915829826,-166.03865349419124,-236.83859911586245,-253.0217150559158,-213.57115662250135,-120.96574749099479,18.975773904000235,197.46036710432233,403.2731886987784,623.4822621799794,844.2510415887804,1051.707812584151,1232.8173032718194,1376.1997382777654,1472.8458718868558,1516.6830720848159,1504.9568863612635,1438.4041140911029,1321.206510720044,1160.7280326905247,967.0521329756968,752.348180644777,530.1068146486178,314.2922773593283,118.46498986514158,-45.07049915829839,-166.03865349419152,-236.83859911586256,-253.021715055916,-213.5711566225013,-120.96574749099491,18.97577390400038,197.4603671043223,403.27318869877877,623.4822621799792,844.2510415887804,1051.7078125841508,1232.8173032718194,1376.199738277765,1472.845871886856,1516.6830720848159,1504.9568863612633,1438.4041140911029,1321.2065107200438,1160.7280326905247,967.0521329756968,752.3481806447769,530.1068146486178,314.2922773593285,118.46498986514155,-45.07049915829833,-166.03865349419138,-236.83859911586245,-253.02171505591593,-213.57115662250143,-120.96574749099477,18.975773904000235,197.46036710432233,403.27318869877854,623.4822621799794,844.25104158878,1051.7078125841508,1232.8173032718194,1376.199738277765
4,1625.668706660384,1613.1482127782156,1540.188744909803,1411.3746147474715,1234.799687834552,1021.5588162261388,785.0507081304546,540.136037795129,302.2036946904806,86.203842987721,-94.29145223877917,-227.941007774678,-306.34713051697213,-324.5832754162149,-281.5035984205379,-179.814954071548,-25.906813878366084,170.5502076761255,397.211993409274,639.8365497197291,883.1788834238047,1111.9489007443735,1311.7721401359145,1470.092972568989,1576.9635178785359,1625.668706660384,1613.1482127782156,1540.188744909803,1411.3746147474715,1234.7996878345518,1021.5588162261386,785.0507081304545,540.1360377951291,302.20369469048046,86.20384298772089,-94.29145223877931,-227.9410077746777,-306.34713051697184,-324.5832754162149,-281.5035984205375,-179.8149540715481,-25.906813878366048,170.5502076761257,397.21199340927416,639.836549719729,883.1788834238047,1111.9489007443735,1311.772140135914,1470.092972568989,1576.9635178785359,1625.668706660384,1613.1482127782156,1540.1887449098033,1411.3746147474717,1234.7996878345523,1021.5588162261384,785.050708130455,540.1360377951291,302.20369469048063,86.203842987721,-94.2914522387792,-227.94100777467776,-306.3471305169719,-324.5832754162149,-281.50359842053774,-179.81495407154804,-25.906813878366084,170.55020767612572,397.21199340927393,639.8365497197291,883.1788834238047,1111.9489007443738,1311.7721401359145,1470.092972568989,1576.963517878536,1625.668706660384,1613.1482127782156,1540.188744909803,1411.3746147474717,1234.7996878345518,1021.5588162261388,785.0507081304547,540.136037795129,302.2036946904804,86.203842987721,-94.29145223877917,-227.94100777467787,-306.3471305169719,-324.5832754162148,-281.5035984205375,-179.814954071548,-25.906813878365938,170.55020767612547,397.211993409274,639.836549719729,883.1788834238048,1111.9489007443733,1311.772140135914,1470.092972568989,1576.9635178785356
4,1306.645279090355,1462.9929443365609,1533.043377742876,1330.0054457186354,827.8335871303548,208.69443671357817,-241.96721538159008,-322.2681620689214,-50.85442055255455,344.3424175086127,579.3082961838381,502.2454493226635,185.85854484298005,-138.06328750172472,-250.65349278679423,-98.65211860983334,181.3315571869894,380.55868253853157,387.13972303486116,278.3424905762128,265.3200141075257,528.8283112483109,1066.471152831385,1666.3051323985903,2031.739673658165,1973.3263205744431,1533.4330661295385,956.1627832021145,524.130263564121,377.3458339743506,440.266216968847,503.7393539414539,396.8225708752153,120.17037809352365,-156.71769643762525,-230.49197633332793,-29.066677946035053,318.3166254291913,562.1127561704066,509.5064411948798,170.2601936494341,-236.0060588489892,-420.3956462924563,-216.61766870902463,309.5979284358997,908.9233376551397,1318.0692700110974,1429.0300708990842,1339.271677783166,1252.2628167459443,1306.6452790903554,1462.9929443365609,1533.043377742876,1330.0054457186354,827.8335871303548,208.69443671357848,-241.96721538159008,-322.2681620689213,-50.85442055255455,344.34241750861264,579.3082961838383,502.2454493226635,185.8585448429799,-138.0632875017246,-250.6534927867942,-98.6521186098332,181.33155718698924,380.55868253853174,387.1397230348612,278.34249057621275,265.32001410752565,528.8283112483108,1066.471152831385,1666.3051323985903,2031.7396736581652,1973.3263205744431,1533.4330661295385,956.1627832021145,524.1302635641212,377.34583397435074,440.2662169688472,503.7393539414539,396.8225708752154,120.17037809352377,-156.71769643762528,-230.4919763333276,-29.0666779460352,318.3166254291912,562.1127561704063,509.5064411948797,170.2601936494341,-236.00605884898906,-420.3956462924562,-216.61766870902463,309.5979284358998,908.9233376551394,1318.0692700110974,1429.0300708990837,1339.271677783166,1252.2628167459438
4,693.2821925151349,624.0341102931251,537.9526275390024,440.4465603997562,337.6425736759757,236.00021994013147,141.906062091875,61.27238212291792,-0.8343093043593399,-40.511620355147386,-55.266479653182905,-44.17178512419341,-7.924657228867873,51.197363679519405,129.47942359171103,222.00277278214705,322.9538289441164,425.9894659469492,524.6355757791915,612.6938605650698,684.6312944157697,735.9277837950768,763.3601816199982,765.204809445892,741.3457625223908,693.2821925151346,624.0341102931252,537.9526275390024,440.44656039975627,337.64257367597565,236.00021994013147,141.90606209187493,61.27238212291788,-0.8343093043593035,-40.5116203551475,-55.266479653182834,-44.17178512419341,-7.924657228867727,51.197363679519405,129.47942359171117,222.00277278214696,322.9538289441164,425.9894659469492,524.6355757791916,612.6938605650698,684.6312944157698,735.927783795077,763.3601816199982,765.2048094458922,741.3457625223908,693.2821925151346,624.0341102931251,537.9526275390025,440.4465603997562,337.6425736759757,236.00021994013144,141.90606209187507,61.27238212291795,-0.8343093043592671,-40.511620355147386,-55.26647965318287,-44.17178512419345,-7.9246572288678365,51.197363679519405,129.47942359171105,222.00277278214702,322.9538289441164,425.9894659469492,524.6355757791915,612.6938605650698,684.6312944157697,735.927783795077,763.3601816199983,765.204809445892,741.3457625223908,693.2821925151349,624.0341102931251,537.9526275390024,440.44656039975627,337.64257367597565,236.0002199401315,141.906062091875,61.27238212291785,-0.8343093043593399,-40.511620355147386,-55.26647965318287,-44.171785124193484,-7.9246572288678,51.19736367951937,129.4794235917111,222.00277278214696,322.9538289441165,425.9894659469492,524.6355757791915,612.6938605650698,684.6312944157698,735.9277837950768,763.3601816199982,765.2048094458922,741.3457625223908
4,1368.3013461513726,1286.996946480973,1186.9745300630566,1071.7774408646653,945.4865932013115,812.5759033128398,677.7537986501931,545.7964194856114,421.37842176237797,308.9073750775132,212.36762233143892,135.17913239436632,80.07634600406863,49.011306839509636,43.08450940034003,62.50591344060318,106.58750603977555,173.76767480347846,261.66652876108014,367.1702071898075,486.5411896832421,615.5506996750316,749.6285109569773,884.0248502209128,1013.9786601461092,1134.8862622284537,1242.4644443865864,1332.9021958852454,1402.9957142905178,1450.26190176829,1473.026330062953,1470.4825579531305,1442.7206998339916,1390.7242333698764,1316.3351593077314,1222.1887476823317,1111.6201820615058,988.5464090055149,857.3273782823887,722.6115894737732,589.1714165597772,461.734044191492,344.8140048180263,242.55324912380806,158.57441536065076,95.85249558164128,56.60944506450222,42.23546843813645,53.23977099057294,89.2325198177775,148.9386538486273,230.2430535190268,330.2654699369434,445.46255913533474,571.7534067986885,704.6640966871604,839.4862013498068,971.4435805143886,1095.8615782376219,1208.332624922487,1304.872377668561,1382.0608676056338,1437.1636539959313,1468.2286931604904,1474.15549059966,1454.734086559397,1410.6524939602248,1343.4723251965215,1255.5734712389199,1150.0697928101927,1030.698810316758,901.6893003249684,767.6114890430226,633.2151497790873,503.26133985389066,382.35373777154604,274.7755556134138,184.33780411475456,114.24428570948221,66.97809823170988,44.21366993704698,46.757442046869656,74.51930016600839,126.51576663012348,200.90484069226864,295.05125231766834,405.6198179384941,528.6935909944851,659.9126217176116,794.6284105262266,928.068583440223,1055.5059558085081,1172.4259951819738,1274.686750876192,1358.6655846393496,1421.387504418359,1460.6305549354977,1475.0045315618636,1464.0002290094271,1428.0074801822225
4,1058.4853958470326,1145.2624161103863,1195.2891231224662,1205.4221548963446,1175.0248157789852,1106.0070823807246,1002.7055927204431,871.6111593098,720.9609275315862,560.2208055012228,399.49068624669394,248.86983428479056,117.82231168902355,14.582316263159301,-54.36320339005157,-84.68214670691349,-74.4694629735547,-24.366852668565407,62.47755293808063,180.60700045073594,322.5989822324624,479.53161985793474,641.5442585472758,798.4570483708293,940.4105816591077,1058.4853958470326,1145.2624161103863,1195.289123122466,1205.4221548963446,1175.0248157789852,1106.0070823807246,1002.7055927204431,871.6111593098,720.9609275315862,560.2208055012228,399.49068624669394,248.86983428479067,117.82231168902352,14.582316263159374,-54.363203390051424,-84.68214670691351,-74.4694629735547,-24.3668526685655,62.47755293808059,180.60700045073577,322.59898223246245,479.5316198579346,641.5442585472758,798.4570483708292,940.4105816591077,1058.4853958470326,1145.2624161103865,1195.2891231224662,1205.4221548963449,1175.0248157789854,1106.0070823807246,1002.7055927204431,871.6111593097999,720.9609275315862,560.2208055012227,399.49068624669394,248.86983428479064,117.82231168902358,14.582316263159333,-54.36320339005146,-84.68214670691349,-74.46946297355477,-24.366852668565517,62.47755293808056,180.60700045073594,322.5989822324624,479.5316198579348,641.5442585472758,798.4570483708293,940.4105816591078,1058.4853958470326,1145.2624161103863,1195.289123122466,1205.4221548963446,1175.0248157789852,1106.0070823807243,1002.7055927204431,871.6111593098,720.9609275315861,560.2208055012229,399.4906862466941,248.86983428479064,117.82231168902355,14.582316263159374,-54.36320339005135,-84.68214670691349,-74.46946297355477,-24.366852668565553,62.47755293808056,180.60700045073577,322.59898223246245,479.5316198579346,641.5442585472758,798.4570483708292,940.4105816591077
5,1670.383212659933,2039.0486934143935,1741.3531982098223,892.3542784862178,-16.395026689052756,-455.8673597575423,-224.93464357123318,420.29390224943006,964.6402126460628,1014.0814309533783,581.3765258864254,69.98677741449268,-31.09089920977509,481.48349903811027,1359.6764508542562,2066.5751223529196,2151.698652220524,1568.939546057529,707.8048357806787,115.61052457038619,111.42802404901916,570.2085378204051,1031.451149306912,1051.0872709024136,538.890531358561,-165.42321265993283,-534.0886934143933,-236.393198209822,612.6057215137822,1521.3550266890531,1960.8273597575421,1729.894643571233,1084.6660977505699,540.3197873539372,490.8785690466218,923.5834741135748,1434.9732225855073,1536.0508992097748,1023.47650096189,145.28354914574376,-561.6151223529191,-646.7386522205242,-63.979546057528985,797.1551642193214,1389.3494754296137,1393.5319759509812,934.751462179595,473.5088506930883,453.87272909758644,966.069468641439,1670.3832126599327,2039.0486934143935,1741.3531982098223,892.3542784862177,-16.395026689052756,-455.86735975754243,-224.9346435712329,420.29390224943006,964.6402126460629,1014.0814309533783,581.3765258864253,69.98677741449268,-31.090899209775035,481.48349903811015,1359.6764508542562,2066.5751223529196,2151.6986522205243,1568.939546057529,707.8048357806787,115.61052457038619,111.42802404901886,570.2085378204048,1031.451149306912,1051.0872709024136,538.8905313585611,-165.42321265993291,-534.0886934143932,-236.3931982098221,612.6057215137822,1521.3550266890531,1960.8273597575421,1729.8946435712332,1084.6660977505699,540.3197873539373,490.8785690466218,923.5834741135748,1434.9732225855073,1536.0508992097748,1023.4765009618899,145.28354914574376,-561.615122352919,-646.738652220524,-63.97954605752901,797.1551642193214,1389.3494754296137,1393.5319759509812,934.751462179595,473.50885069308833,453.87272909758644,966.0694686414389
5,2171.000683412664,1864.2049012830441,1508.2320249039142,1122.3224789042545,727.3300773235154,344.53194662152265,-5.582927982688234,-304.4748574655743,-536.5958178443377,-690.2518783686246,-758.2355561447923,-738.191992236612,-632.6990123200525,-449.05844691246557,-198.81347785938016,102.97681703386348,438.6601327129225,789.0536784777292,1134.5818608829854,1456.4198194004698,1737.5740255654669,1963.8356693526603,2124.550979960535,2213.1644175127994,2227.5050764890952,2169.8027511901473,2046.4369169077493,1867.438328371909,1645.778007835533,1396.4911586407939,1135.6932154138165,879.5512459100399,643.2759021403264,440.19698432154695,280.97959436767155,173.02822803994715,120.11361956713736,122.24252290262783,175.77483147334905,273.7765132967301,406.58178491731064,562.5247199764186,728.7899203656888,892.3246310705792,1040.751201029357,1163.2192866699675,1251.1416128984656,1298.7651482058984,1303.5406852370631,1266.2673178943285,1191.003293092563,1084.7502180837027,956.9326195690514,818.7084077141095,682.1570201145539,559.4001814660667,461.7147845750199,398.6980783701142,377.5420894556724,402.4672092928939,474.3545934307861,590.6040987055856,745.2297560056485,929.1891852225792,1130.927908601435,1337.1052062723163,1533.4559112746376,1705.733160104799,1840.671217934978,1926.9054843881777,1955.7888092495436,1922.0492042317273,1824.2435723938352,1664.9746071294253,1450.852760617864,1192.2012253150795,902.5182024589977,597.7263161010566,295.2528787828317,12.995938797275375,-231.76108732622714,-423.4193893177084,-549.0526812357865,-599.2507127102122,-568.7642634434026,-456.9091907539539,-267.70151309816384,-9.711779217031435,304.3559068367642,658.3379174453247,1033.5002383888693,1409.5913240111415,1765.9969182168395,2082.928447747384,2342.5741027592903,2530.1435481450435,2634.7432606859225,2650.0294041484717,2574.598339405162,2412.0905192126306
5,777.7336265427075,607.7288381955127,418.8995620749863,271.13662973822227,214.81526586248032,278.1149707812602,459.82361517402546,729.4094609792775,1034.3468847503361,1312.8871039287424,1509.1181223016715,1586.5916698703727,1537.1492463053735,1382.7668313362944,1169.9646430459882,958.167318773545,804.8961256508467,751.4581363726295,812.6739516774774,973.1860368492477,1191.261338594375,1409.147412568059,1567.419590439247,1619.7689430598298,1544.5713216918075,1350.3736716463745,1073.9382204075328,771.3258809378899,504.22191167426325,324.8836167371293,263.4305469495781,320.6179987718874,467.8780077347499,654.6141019124024,820.9416043241255,912.7181803331335,895.1428688948133,761.5561469656699,535.2610001258938,263.9117531985213,7.856365611668007,-174.68591940583153,-241.9464065543565,-178.88650604674876,-0.892834924401468,250.02585846568647,515.5991698727819,735.650374744533,862.8962517720297,874.5314892863596,777.7336265427075,607.7288381955127,418.8995620749864,271.1366297382221,214.81526586248032,278.1149707812603,459.82361517402546,729.4094609792777,1034.3468847503361,1312.8871039287424,1509.1181223016715,1586.5916698703722,1537.1492463053735,1382.7668313362944,1169.9646430459882,958.1673187735452,804.8961256508467,751.4581363726294,812.6739516774774,973.1860368492478,1191.261338594375,1409.147412568059,1567.419590439247,1619.76894305983,1544.5713216918073,1350.3736716463745,1073.9382204075328,771.3258809378899,504.22191167426325,324.8836167371293,263.43054694957806,320.6179987718875,467.8780077347499,654.6141019124022,820.9416043241255,912.7181803331335,895.1428688948134,761.5561469656699,535.2610001258936,263.91175319852124,7.856365611668044,-174.68591940583158,-241.94640655435666,-178.8865060467489,-0.8928349244013952,250.02585846568655,515.5991698727818,735.6503747445332,862.8962517720297,874.5314892863596
5,694.7873990092011,950.7145700670168,946.4127901127131,562.2961479805073,-52.39441889831855,-531.390107805426,-517.1455381470097,86.70027888956167,1017.0141046232685,1791.0980263133813,2004.83284355312,1592.7461225714242,870.9575759039175,327.85044951307185,300.4069729322493,755.413367538688,1325.1375010410927,1572.6606095619838,1303.185510795205,705.2255439252939,222.95205731102652,247.03473895458046,836.9373440075229,1665.9506483093553,2227.078914258875,2160.0676014358783,1479.9580301449996,558.544381328003,-120.21434710532137,-260.2985551259496,89.19089579626909,610.6105377080744,956.1013929487207,972.6116639304059,763.2190252112305,561.7099593182505,531.2561796554766,642.7011525830247,716.6900796864787,585.2186421689942,239.93680433038347,-149.4059693010956,-358.70910297287423,-277.0089097333406,13.38950649596387,305.89917951260907,432.49382730544124,391.09357763742673,335.0246520003696,430.45634271828044,694.7873990092011,950.7145700670168,946.412790112713,562.296147980507,-52.3944188983184,-531.3901078054259,-517.1455381470096,86.70027888956167,1017.0141046232684,1791.0980263133813,2004.83284355312,1592.7461225714237,870.9575759039176,327.8504495130718,300.4069729322493,755.4133675386882,1325.1375010410923,1572.6606095619834,1303.1855107952047,705.2255439252938,222.95205731102644,247.0347389545807,836.937344007523,1665.9506483093555,2227.0789142588746,2160.0676014358783,1479.9580301449992,558.5443813280032,-120.21434710532137,-260.29855512594935,89.1908957962691,610.6105377080742,956.1013929487207,972.6116639304059,763.2190252112304,561.7099593182506,531.2561796554764,642.7011525830247,716.6900796864784,585.218642168994,239.93680433038352,-149.4059693010956,-358.7091029728742,-277.0089097333405,13.38950649596387,305.8991795126093,432.4938273054411,391.09357763742673,335.02465200036977,430.4563427182805
5,2049.4448431185538,1898.3142953737006,1584.5905129411008,1160.938446288054,700.4448747008453,280.53074011020715,-33.90839221734088,-204.1070220487923,-224.5678513180416,-122.12155402418797,52.71469145561198,239.81621048357644,385.3850360896108,455.7307856199404,445.45934920037394,378.0527829420922,298.74435942510854,261.53406949367593,313.6695149242734,481.5671470446055,761.8069423735349,1119.5835269349554,1495.1474035244048,1816.7791044857738,2017.2001830783631,2049.444843118554,1898.3142953737006,1584.5905129411008,1160.938446288054,700.4448747008449,280.5307401102072,-33.908392217341095,-204.10702204879226,-224.56785131804165,-122.12155402418816,52.7146914556119,239.81621048357644,385.3850360896109,455.7307856199406,445.459349200374,378.05278294209216,298.7443594251085,261.53406949367604,313.66951492427347,481.5671470446055,761.8069423735348,1119.5835269349554,1495.1474035244046,1816.7791044857738,2017.2001830783636,2049.4448431185538,1898.3142953737006,1584.5905129411008,1160.938446288054,700.4448747008454,280.53074011020726,-33.90839221734088,-204.1070220487923,-224.5678513180418,-122.12155402418823,52.71469145561192,239.81621048357644,385.38503608961065,455.73078561994066,445.459349200374,378.05278294209216,298.74435942510866,261.534069493676,313.6695149242737,481.5671470446055,761.8069423735349,1119.5835269349552,1495.147403524405,1816.7791044857738,2017.2001830783636,2049.444843118554,1898.3142953737006,1584.5905129411008,1160.9384462880541,700.4448747008452,280.53074011020715,-33.908392217341024,-204.1070220487923,-224.56785131804165,-122.12155402418809,52.71469145561205,239.81621048357644,385.38503608961116,455.73078561994043,445.459349200374,378.05278294209216,298.74435942510866,261.5340694936759,313.6695149242734,481.5671470446055,761.8069423735349,1119.5835269349552,1495.1474035244048,1816.7791044857738,2017.2001830783636
5,1664.1443093074486,2218.3405634353426,2217.0002745370093,1534.297180748027,558.6774874607546,-67.72667853711239,72.47942830296189,844.8520399047125,1654.1195509564566,1898.510678840216,1440.6795346835115,722.0303118569302,417.984896097666,893.947205942969,1889.015381473229,2687.0260711082233,2655.6254626407936,1739.2741715479683,517.7251965917384,-225.21785249548688,-94.26572667506102,623.5134032103952,1195.2607492256302,1027.58338448237,143.7536567627536,-822.653363755971,-1116.5743194362321,-453.565647099621,746.6999836281711,1669.0825461805869,1715.3401745990134,946.3680405783243,14.983170717426146,-352.4484338306006,81.58195609710958,895.1095197650112,1353.4834441439598,995.8604764649452,2.3356296808327897,-939.4954151145704,-1157.3595671701248,-497.19293152207985,578.1706178298928,1357.8836862824057,1422.405217558162,935.756672226539,478.2528407887153,568.1738782117583,1253.4137798938282,2084.0063768785876,2470.266859817872,2135.4217883175183,1313.4008577217596,554.9711334976846,311.0100887567386,620.4488798495088,1129.1457154225652,1398.8622018451856,1248.7312694544023,867.9380102615493,634.5569841730876,804.9490869747542,1321.5843129129157,1873.2732531933118,2136.682780177245,1998.8505127216024,1598.95917552119,1185.2640096074956,923.1134780937927,805.3548160831798,711.856823835363,540.5946280925713,291.66133241038045,48.25733723202801,-103.91374194126254,-134.47780536934982,-59.90803231662838,100.44451484085192,341.31170212611715,638.5098776019199,909.21762408859,1029.2868156961483,918.582587532676,626.8776134197418,329.2493548011254,206.93396137838948,296.8171570243563,441.85031452447237,407.7239111828867,91.07725346409599,-351.2370166597006,-580.1117066399037,-325.42879898535705,378.55763903206326,1174.7378188541454,1623.9322306131598,1534.9191279083188,1122.184040152231,848.025498391774,1053.4337082999211
6,574.6612561805887,610.5753660157251,628.0502116586066,476.9018052823142,195.15075144312655,-44.92225621052232,-108.16834652365607,-16.99517880859101,85.22054830604422,78.83660554561226,-25.770600972339164,-119.01655119135167,-118.73329700402633,-58.44249039999575,-46.66411926400077,-141.00816557202526,-271.09900294218664,-298.5746884290898,-162.47139365431255,37.89659096618945,122.04164253216815,13.164874768859232,-144.2016541862831,-65.50239958019239,436.21338638847595,1252.4174437629927,2004.145352762441,2293.1982539337496,1987.701134489636,1312.3470131598076,670.9846835710557,348.61225777328946,333.1555226650994,387.20183587733425,286.28608978275787,9.932934204186022,-268.4782510294316,-360.35405626994356,-233.9105767069684,-27.99352809924043,87.69921758990509,62.84802231616313,-12.041663632553373,-19.40877353099253,59.161813231151356,130.4036007645853,96.82258576769611,-31.18787701324425,-137.23250029229945,-115.91680716715075,15.04967946483408,129.51939272045277,131.50366661391388,82.81821563026607,178.87696802080958,568.7680550165791,1173.1855054676516,1679.6301291385194,1751.1838881783028,1292.889482011711,552.0691841469907,-44.53419451775189,-195.81663058170867,68.84601195063446,444.92869486972603,611.9975517372877,476.95884781156946,208.37663758665124,56.024522190668286,129.1148305427555,324.5285919922412,448.1882200776544,399.98501097556345,249.91256924209557,148.6661020509398,173.34400551574086,260.4663234541162,283.25979586708183,186.69989222214238,41.91816424146018,-31.998918592881502,5.270687799172297,73.9130009483024,64.97616223404172,-27.592729257641366,-76.16872191111463,61.116803799781486,374.90490009507124,660.6734889501453,665.9564412441374,319.6800278009792,-159.97856299787733,-396.00763904418653,-135.67732399389456,540.6968760843317,1262.690788978748,1636.8006686676824,1524.3355554870682,1110.88538360503,725.6273742050415
6,1658.2841056039003,1582.2666939531834,1408.076305630592,1157.9195236339067,863.7196482141811,561.8679432197616,287.30160093439684,67.98056736644146,-79.24606869616025,-150.65998753491323,-155.2566065448783,-112.02690427215363,-45.5040557906625,19.539269473069382,63.20770296045619,74.42761768364053,52.969663433163845,9.178942081462155,-38.50925794493654,-67.75861893478722,-57.38411184799897,7.743374777192549,132.92460396108697,311.7594651581505,526.5762405762872,751.1196848527746,955.0162074110416,1109.185966562502,1191.1804732030048,1189.4274711737298,1105.5625072257874,954.3817445494672,761.3961502632753,558.4187927625395,377.98890888648776,247.65792984161646,185.19152958406113,195.57222792331189,270.3510123319344,389.4572904323433,525.1172440680862,647.1381051488545,728.5641021603492,750.6461730584325,706.2036219942669,600.7654308548668,451.3027671131812,282.82160581242823,123.48833372467526,-0.7649162565193547,-71.11638663582956,-79.2802282268864,-28.834096265367844,65.79073297765055,182.44360384913838,295.8891837687214,383.02853020036173,427.67842459346633,423.9650082299608,377.6540800039644,305.1381424133168,230.2534395354781,179.5221465513392,176.7246913782492,237.84530563270133,367.3733350457748,556.694418862117,784.9159974212633,1022.0143132490962,1233.7517144568883,1387.4767772935913,1457.7494108031462,1430.7611644503788,1306.7423225410134,1099.9203107760832,836.0480341152958,547.9702583152555,270.05624280272195,32.529783408552504,-143.26421911041055,-247.80538023730438,-284.0516134147086,-265.7371583033675,-213.69985322873885,-150.99481641743662,-97.7763939731778,-66.96499432073666,-61.55413716263487,-74.08705148061593,-88.40428183918557,-83.31629133867085,-37.47402285357348,65.53083734237633,232.85888224572727,459.78947352783433,729.3272345907259,1014.1900184671578,1280.8641625990376,1495.0134539744886,1627.2614676088904
6,1171.8455483968164,1261.9041574125547,1094.006428582236,732.4950468978966,317.9279144927281,-7.7340808375149575,-171.17034783065304,-192.0443975864948,-150.00610748666764,-118.7003203165887,-111.14137066370618,-72.35741472649345,76.15748393754683,369.86336577259425,757.359366567084,1110.6171723814234,1286.5691409399603,1204.428287003192,892.1062380522228,473.14130510216916,101.52203140191456,-116.73090144585709,-168.99736572192947,-123.50539723532503,-70.15540467502309,-54.685607191131275,-49.0935019581204,23.109454948293134,224.2437252806224,544.5602909919635,888.8856092169949,1119.5592900602978,1131.3757858013846,913.061016539243,557.0401468998209,210.55784152726164,-2.9191491855254754,-45.091482582229254,28.8051764900329,117.28521573419864,143.79238732407455,105.9669839539703,72.15220879531324,128.60803240748254,312.74465426829266,576.8467775774599,807.4152292656546,889.6531456795645,777.3474239134291,524.0786274724845,255.23784332116347,97.04141220225858,105.56052927844904,238.83676194095196,388.36715647284035,449.41444728271176,385.822391982512,249.13995486071465,141.1453536582464,144.7467990474745,268.05600853938626,437.72109429148884,545.9600714199848,521.2525806407679,377.2194615447092,207.6953898541279,129.94315090258874,210.95786973393973,422.98608119601124,656.5754456981325,783.7728676851738,732.8859882604564,529.0945665150647,276.58920740292734,94.34473512884897,46.20221547315145,108.74793234330741,195.92358719102216,223.02446588052925,167.744638042468,88.03402433780809,84.38866578784328,230.12865692439556,514.3997372891781,835.5133743692932,1051.1275205970585,1056.1554696205299,841.5739272246975,498.678877096605,166.7359561540081,-43.50494955962596,-103.87927579651921,-68.93836553244495,-25.10035165571644,-23.861405068594248,-43.541676664548305,-4.97031608025396,168.8496535273003,488.16876591896863,870.3320420736895
6,1173.8984378419693,1421.8104119887873,1385.6835223451635,941.2699715079683,250.46317469587535,-338.6598085749423,-528.2857263483229,-274.3887268859462,188.712020906048,519.7380008640027,513.4911449134948,240.11481773942927,-18.90515263622205,10.393104368630448,381.60435951909704,877.5452287032375,1160.4892690283348,1015.1223243125988,508.2721097607721,-50.99786253474286,-323.3045135274614,-171.0551002562618,255.43217464489496,638.1437159159228,728.9744059199802,531.2340319259772,293.0100698397541,317.6008297881001,729.6627823198529,1368.4485837149598,1887.724044154577,1992.1502950008069,1640.7197251918874,1071.2066789881278,628.6593812754876,522.2265984079794,685.7566980814303,841.655209646103,719.6133916087298,269.3219600903956,-289.2342461242892,-616.1106046118862,-494.4366349175662,9.799283206021428,587.6262504207812,899.0037968837619,804.9550736833015,453.7364949920791,160.69522498229185,170.7597672268992,477.04607055400834,827.6213653963816,915.2072396524151,611.1733095817473,72.43997235217394,-358.3029906409446,-388.85301861897426,19.180397454293672,626.0177292707043,1085.2885205187233,1187.2515667484718,998.2168429128707,796.6823336877429,854.5734585349678,1224.472071621577,1689.2412898351497,1912.2589415589982,1680.333792803391,1063.3599263041356,374.3020394252079,-42.85898720798283,-45.39887216117153,221.84766999034312,446.50822633242325,386.0767141644878,49.22145967804512,-311.0418472249228,-387.0915917856785,-50.7060634095686,540.0482692369912,1040.6387550613094,1156.3884499664903,845.8886042397648,345.46357083511964,-2.2859026582135265,8.430689930053559,307.3116412662697,611.9676093023762,646.8200454876718,356.0016087689306,-46.15227241409739,-225.23760597544606,30.380517801576353,649.968680729071,1320.4695726887535,1698.5597038516821,1642.8988987341322,1300.383660372683,986.0528327693625,945.5891126886328
6,223.37031940991596,420.60562514613645,597.110659965132,663.923884729283,571.4062631436717,349.18880158446643,98.68230934187697,-61.350846426393694,-64.32141430354648,63.43953434804698,218.59043471951776,286.3567245488902,216.6701456757763,63.00793502318259,-42.87654513079627,31.570970962094798,334.74752622236707,789.645785571076,1223.0426474128571,1450.7786409429757,1371.73867002556,1017.9912496558644,534.2422766869048,100.63684333717192,-155.59244968643443,-210.49407145071973,-131.97071400448985,-20.591869345340964,56.42475051389629,97.03947870487362,146.33663392138536,246.45727119316015,392.40166508897005,525.6704555759112,570.5465107284252,487.8163533974238,307.9386069373258,118.70435449431382,12.866071079305748,28.98535404472305,125.20528033613715,205.76010814595324,185.9512095626365,54.877104798265776,-105.99064646998968,-164.34933280441263,-17.071884891119634,338.8150827484395,788.9707969059527,1152.5809261935603,1274.9245741340244,1109.6280343712885,743.437938488123,349.27735657267976,94.69877809180142,57.89792002505421,197.494200018316,389.4937026019218,505.4967701200192,484.0209056045265,354.4021561041845,204.177295477786,115.80420112773612,115.32547534287626,164.5748819585485,198.03047654690053,175.79241864534765,114.60250824321017,75.06785151384923,114.09265336119694,236.24815541509662,379.758520772716,450.25358020196467,382.9493533684113,192.90300240955017,-22.080822093220323,-132.54294551293492,-54.23672910791396,196.09400818414085,502.57548005965333,712.2966444690941,723.0862194466469,545.175478735502,298.87418860761596,147.71304931900133,204.91105577887402,467.24737303599795,814.5412987021737,1074.5205185546356,1115.0363091275246,910.9132721548676,549.4199469863321,175.52049662307738,-87.2676037249721,-193.16064783418327,-177.91749263624357,-114.95788553746083,-57.590939637308914,-6.836993611535782,75.82852108332389
6,618.0045462960569,552.2120540527413,473.8369887777545,387.803944065651,299.51869252309774,214.5285211949559,138.17367511775808,75.25181008401535,29.716538284229827,4.429008312597289,0.9781286782650568,19.580730840105826,59.067944888706045,116.9586439415775,189.6153424701302,272.47275289316997,360.3246393855776,447.6509448223976,528.9646362693491,599.1564754419817,653.8160509375522,689.5089006038172,703.9923114271265,696.3562374391925,667.0804812521932,618.0045462960569,552.2120540527413,473.83698877775447,387.803944065651,299.51869252309774,214.52852119495583,138.17367511775808,75.25181008401535,29.716538284229866,4.429008312597216,0.9781286782650205,19.580730840105826,59.067944888706045,116.9586439415775,189.61534247013032,272.47275289316997,360.3246393855776,447.6509448223977,528.9646362693491,599.1564754419817,653.8160509375522,689.5089006038172,703.9923114271264,696.3562374391927,667.0804812521932,618.0045462960569,552.2120540527413,473.8369887777545,387.803944065651,299.5186925230977,214.52852119495586,138.1736751177581,75.25181008401535,29.716538284229756,4.42900831259727,0.9781286782650568,19.580730840105826,59.06794488870601,116.95864394157753,189.6153424701302,272.47275289316997,360.3246393855776,447.65094482239766,528.9646362693491,599.1564754419817,653.8160509375523,689.5089006038172,703.9923114271264,696.3562374391927,667.0804812521932,618.0045462960569,552.2120540527413,473.8369887777546,387.803944065651,299.5186925230976,214.52852119495586,138.1736751177581,75.25181008401535,29.716538284229827,4.429008312597289,0.9781286782651296,19.58073084010579,59.06794488870608,116.9586439415775,189.6153424701303,272.47275289316997,360.3246393855776,447.6509448223976,528.9646362693491,599.1564754419817,653.8160509375522,689.5089006038172,703.9923114271264,696.3562374391927,667.0804812521932
7,1669.750870503244,1563.153449362776,1111.6514300924118,675.1160390616872,531.1613031228917,676.5521975363745,849.2059724311875,751.2964393929374,304.58428803048304,-256.28068749989563,-529.1227409765835,-229.50697885305323,588.3764854336947,1537.7106204119796,2134.4787607577055,2101.6176272253438,1532.2143189713072,802.5831468345821,303.49468176888905,184.3788990062559,290.4387013642653,328.376792547447,128.5074381093619,-198.2639120785065,-330.5853498522192,14.041185372649561,834.7331429284919,1793.3750395452569,2402.6184520401644,2332.3351461991756,1623.0634525165276,657.7663310198534,-87.63351547475061,-340.21778921093977,-168.88152880865383,121.40298521275952,250.64644562288564,181.9593464487348,135.22784131836153,389.47860444054487,1025.9539155498942,1810.5582342326898,2314.0817421288384,2193.9917719581763,1439.761554401388,404.1107551319633,-408.23352888677505,-651.424693335923,-336.1215556111797,217.63844933261078,629.7042141802481,727.2385046992329,638.9811754309883,655.6613170979128,968.6252403222597,1487.6653292127169,1879.5762435341942,1804.7970984180888,1180.68580908095,275.6593673811338,-442.5967581338214,-604.8649336993991,-177.41756121565209,527.2462352068176,1071.6817848329022,1188.7871022388272,943.103788246993,649.3273816371511,615.2652878991719,901.8316213845031,1277.009359380444,1396.2757112536806,1074.4644419824044,445.6921443633244,-111.20463278945478,-232.9116558936156,168.45320294360064,834.5916523839912,1333.8320997080266,1356.9849235672473,926.8032707164181,373.1264575564861,93.52695088503991,272.2598658518253,758.3307074950374,1186.8587597201856,1251.5406252801026,927.7758327605774,484.00352764136045,274.8254705836062,469.69571489936396,918.5764318802865,1256.1614126276634,1171.503707337723,647.3321605181434,-7.424285757204634,-360.5402110719876,-153.58124408539655,517.1095681237731,1263.8482056048185
7,1431.9402192196926,1805.8864143748553,1983.9230686864473,1922.0062924631013,1635.4534689289108,1195.1539382553733,710.0319218907669,300.1001254109971,66.77019854039652,67.7648478784594,302.83801046755076,713.8357264812045,1199.0826519431841,1638.5351804356894,1923.478627534007,1983.421791295464,1803.535533851402,1428.3213119973016,950.6021113249474,488.55927971024903,156.49604076191943,36.560403401771765,158.42284196206953,491.93621723586557,954.593775948374,1431.9402192196928,1805.8864143748553,1983.9230686864476,1922.0062924631013,1635.4534689289105,1195.1539382553735,710.0319218907669,300.1001254109971,66.77019854039666,67.7648478784592,302.8380104675506,713.8357264812045,1199.0826519431841,1638.5351804356894,1923.478627534007,1983.4217912954637,1803.5355338514019,1428.3213119973018,950.6021113249474,488.5592797102491,156.49604076191943,36.560403401771616,158.42284196206967,491.9362172358656,954.5937759483743,1431.9402192196926,1805.8864143748553,1983.9230686864473,1922.006292463101,1635.453468928911,1195.1539382553735,710.0319218907669,300.1001254109973,66.77019854039652,67.76484787845926,302.83801046755076,713.8357264812047,1199.0826519431841,1638.5351804356894,1923.478627534007,1983.421791295464,1803.535533851402,1428.3213119973016,950.6021113249471,488.55927971024903,156.49604076191937,36.560403401771616,158.42284196206995,491.9362172358659,954.5937759483741,1431.9402192196926,1805.8864143748553,1983.9230686864473,1922.0062924631013,1635.4534689289108,1195.1539382553738,710.0319218907667,300.1001254109971,66.77019854039645,67.7648478784592,302.8380104675509,713.8357264812043,1199.0826519431841,1638.5351804356892,1923.478627534007,1983.421791295464,1803.535533851402,1428.3213119973016,950.602111324947,488.5592797102492,156.4960407619192,36.560403401771616,158.4228419620698,491.93621723586534,954.593775948374
7,1815.491052015546,1543.1639048379666,1187.578115713297,825.612470016373,531.5767615090807,359.36827339305006,329.8058410777249,426.25123271408654,599.5737222220231,781.1996273509077,900.9868166227311,905.4700233225577,771.9316815346418,514.7874396348598,182.67954260528322,-153.02622585371864,-415.51312767967875,-541.2961198561691,-495.87581377682454,-282.3929847480744,58.86162313801179,459.97108873968085,841.6093581269134,1131.9603743787422,1283.6839306396805,1284.7594784559453,1160.5560106374874,966.6479762703343,774.186645663785,651.4770377125232,646.3471230926177,773.6968954516226,1011.3294298625083,1305.1123753245668,1582.2046778803256,1769.08226132886,1809.9031482941034,1680.662492421025,1395.6236944193886,1004.4171778277995,580.5023244077912,203.82072303256325,-58.097179118997886,-165.9293463856056,-117.38750880251864,53.08070639027014,283.6085711564635,500.9129698178383,638.999454751329,655.9218660337605,544.4350529763291,333.89558614007086,82.93641041839474,-135.27013875449092,-251.5070052811013,-218.17551857727332,-21.73819931199403,313.1605667954657,728.9427239951843,1148.4453354320756,1493.0993687154921,1701.4735370756807,1743.6273356317433,1627.7524310978501,1397.4865317510996,1120.5876177513717,871.7891650241892,714.0912964523807,683.1240010495417,778.452572374225,963.97193981846,1177.282180773802,1345.710122469246,1404.9927901367412,1315.975688366823,1075.1666265359297,716.5034803405504,303.8665498613574,-83.84431440190289,-371.4072814845438,-505.1543682768411,-465.6292536858916,-271.9176303529558,23.404070892640593,347.44028490265777,625.0039240093631,797.040412104135,834.8965247453604,746.9161763133212,575.7488965285838,387.05906748986223,252.45531431194695,230.89235571520933,353.1775336583228,613.4470964286694,969.7528565662021,1353.6446983570193,1686.406510778321,1897.9537097641544,1943.7377529727435
7,1258.2528022817353,1060.2822782291032,854.9902856852655,649.6493958328957,451.53391206620057,267.66217416662755,104.54793011716757,-32.03041666732461,-137.2345101618803,-207.33744290573085,-239.85578355712525,-233.637553686709,-188.903037187694,-107.23697660912134,8.467567139001185,154.1117029107493,324.53591458659974,513.7028395042022,714.9111450405753,921.0329266611772,1124.766217491604,1318.8936641344592,1496.5382050116127,1651.4066936991167,1778.0128367766729,1871.8715485072007,1929.6578372350787,1949.324594873193,1930.1751167274967,1872.887782608132,1779.4920248864553,1653.2964348415228,1498.771554164557,1321.3915037907786,1127.4400604361938,923.7880506747003,717.6499484813068,516.3282988948433,326.95502171933384,156.23875970937078,10.227221555990836,-105.9070612087482,-188.04997372001498,-233.29156235035538,-240.02912126767842,-208.02396908837852,-138.40990428433972,-33.65303980682329,102.5355601942927,265.33134666814703,448.96719771826474,646.9377217708969,852.2297143147348,1057.5706041671042,1255.6860879337994,1439.5578258333728,1602.6720698828326,1739.2504166673243,1844.4545101618803,1914.5574429057308,1947.0757835571253,1940.8575536867088,1896.123037187694,1814.4569766091215,1698.7524328609986,1553.1082970892505,1382.6840854134005,1193.517160495798,992.3088549594247,786.1870733388229,582.4537825083959,388.32633586554084,210.6817949883873,55.81330630088378,-70.7928367766727,-164.65154850720123,-222.43783723507877,-242.10459487319312,-222.9551167274965,-165.66778260813183,-72.27202488645504,53.92356515847729,208.44844583544307,385.82849620922156,579.7799395638062,783.4319493252992,989.5700515186929,1190.891701105157,1380.2649782806661,1550.9812402906293,1696.9927784440094,1813.1270612087485,1895.2699737200153,1940.5115623503555,1947.2491212676787,1915.2439690883787,1845.62990428434,1740.8730398068235,1604.6844398057071,1441.888653331853
7,1492.136100664289,1662.1872455304594,1614.9085925514032,1340.6735059959858,890.5001690374554,364.1174259930005,-116.59047754671013,-441.2583368371694,-542.02211267695,-412.60011157485076,-109.65133569959426,264.21659266996204,590.9550563539727,772.174352264101,758.4463885148023,564.0477585634025,262.64473942862634,-34.93212357302709,-214.32866796876036,-192.7818707167635,54.73505328830899,486.1761066111632,1002.7872643386381,1476.24687893826,1784.6974604656455,1847.1612080352015,1646.3202847283746,1233.0896489843988,711.7796737194714,210.33386307037574,-155.55555395759083,-313.9729897818969,-254.89649105840087,-29.93857916353467,265.7708977166273,523.8003047785548,655.5274024000112,618.2927042875962,427.02742166985337,148.27435677712072,-121.17588235520277,-284.2901393171794,-273.29326576670644,-69.90372664031455,289.46329368210917,724.6562304404204,1135.1972577217102,1428.8394514347235,1546.681246400581,1477.584680096576,1258.1190470845363,958.7435735200453,661.0513735390102,433.3806040986904,312.25192068655446,294.9480399797158,344.85448240250116,407.1327807106713,429.1735519608478,379.0240124376736,255.93370847229758,89.9397925378691,-68.92352605523756,-167.8566767413639,-169.06392633140524,-62.16693246277086,132.6939522888051,371.84041040690806,602.520938704014,779.8234630016223,880.2811341168144,907.6339925572788,888.9385085648304,862.537625425175,862.2024944792665,903.0939397136239,974.61053432213,1042.8703171060147,1062.2744363752054,992.4182266536337,814.621019930307,542.2369946376876,220.77093493190245,-82.90998155256749,-299.3469968538046,-377.5179320058512,-301.37101719218015,-96.26117398886069,177.29025385288384,441.1081054062766,623.0567084558344,679.6288310346108,610.2015526005873,458.09599737556834,297.57829860274956,210.3599569647031,258.6128414467315,462.88632146874494,792.103257962854,1169.3152748483358
7,919.7242645044555,747.9582941953518,575.5494115166795,408.60528709050703,253.03999975339366,114.36452736518251,-2.5084823291400973,-93.43874469497649,-155.2050098554048,-185.6191770740015,-183.60380931428853,-149.2303019839013,-83.71635371667638,10.617171208523505,130.42846064194063,271.4731399243615,428.75463097542206,596.7011585631116,769.3631332191337,940.6239184119456,1104.41651544529,1254.938489911671,1386.857525823996,1495.5003255678093,1577.0181637991202,1628.523230458467,1648.1909328819715,1635.3245329060937,1590.3798291644273,1514.9490101938718,1411.7042503619368,1284.3030467575825,1137.2586505334227,975.7801827335978,805.5880985838152,632.7115375130887,463.27473788368354,303.2800827939373,158.39546266455952,33.75348739479145,-66.23033890209729,-138.01403933334151,-179.05464052392912,-187.89825871619536,-164.23160432675795,-108.89308038619922,-23.843081693725907,87.90545314593139,222.39377657467048,374.85757268686655,539.8957354955446,711.6617058046484,884.0705884833206,1051.014712909493,1206.5800002466062,1345.2554726348178,1462.12848232914,1553.0587446949764,1614.8250098554045,1645.2391770740014,1643.2238093142887,1608.8503019839013,1543.3363537166763,1449.0028287914765,1329.1915393580596,1188.1468600756386,1030.865369024578,862.9188414368884,690.2568667808663,518.9960815880545,355.2034845547098,204.681510088329,72.7624741760041,-35.88032556780927,-117.3981637991198,-168.90323045846694,-188.5709328819717,-175.70453290609396,-130.75982916442752,-55.3290101938718,47.91574963806313,175.31695324241767,322.3613494665774,483.8398172664022,654.031901416185,826.9084624869112,996.3452621163163,1156.3399172060626,1301.2245373354403,1425.8665126052085,1525.8503389020975,1597.6340393333417,1638.674640523929,1647.5182587161955,1623.851604326758,1568.5130803861994,1483.463081693726,1371.7145468540689,1237.2262234253294,1084.7624273131335
